{
  "code": 200,
  "album": {
    "songs": [
      {
        "starred": false,
        "popularity": 100.0,
        "starredNum": 0,
        "playedNum": 0,
        "dayPlays": 0,
        "hearTime": 0,
        "mp3Url": "http://m2.music.126.net/c7et-oscFj3o34RUBc3rBA==/2923601419485398.mp3",
        "rtUrls": null,
        "mark": 65536,
        "noCopyrightRcmd": null,
        "artists": [
          {
            "img1v1Id": 18686200114669622,
            "topicPerson": 0,
            "briefDesc": "",
            "followed": false,
            "alias": [],
            "picId": 0,
            "musicSize": 0,
            "albumSize": 0,
            "img1v1Url": "http://p2.music.126.net/VnZiScyynLG7atLIZ2YPkw==/18686200114669622.jpg",
            "trans": "",
            "picUrl": "http://p2.music.126.net/6y-UleORITEDbvrOLV0Q8A==/5639395138885805.jpg",
            "name": "李健",
            "id": 3695,
            "img1v1Id_str": "18686200114669622"
          },
          {
            "img1v1Id": 18686200114669622,
            "topicPerson": 0,
            "briefDesc": "",
            "followed": false,
            "alias": [],
            "picId": 0,
            "musicSize": 0,
            "albumSize": 0,
            "img1v1Url": "http://p2.music.126.net/VnZiScyynLG7atLIZ2YPkw==/18686200114669622.jpg",
            "trans": "",
            "picUrl": "http://p2.music.126.net/6y-UleORITEDbvrOLV0Q8A==/5639395138885805.jpg",
            "name": "吴秀波",
            "id": 5473,
            "img1v1Id_str": "18686200114669622"
          }
        ],
        "alias": [],
        "score": 100,
        "copyrightId": 404023,
        "album": {
          "songs": [],
          "paid": false,
          "onSale": false,
          "mark": 0,
          "tags": "",
          "briefDesc": "",
          "publishTime": 1427385600007,
          "company": "湖南卫视",
          "artists": [
            {
              "img1v1Id": 18686200114669622,
              "topicPerson": 0,
              "briefDesc": "",
              "followed": false,
              "alias": [],
              "picId": 0,
              "musicSize": 0,
              "albumSize": 0,
              "img1v1Url": "http://p2.music.126.net/VnZiScyynLG7atLIZ2YPkw==/18686200114669622.jpg",
              "trans": "",
              "picUrl": "http://p2.music.126.net/6y-UleORITEDbvrOLV0Q8A==/5639395138885805.jpg",
              "name": "我是歌手",
              "id": 34306960,
              "img1v1Id_str": "18686200114669622"
            }
          ],
          "alias": [],
          "copyrightId": 424010,
          "picId": 2941193605503524,
          "artist": {
            "img1v1Id": 18686200114669622,
            "topicPerson": 0,
            "briefDesc": "",
            "followed": false,
            "alias": [],
            "picId": 0,
            "musicSize": 0,
            "albumSize": 0,
            "img1v1Url": "http://p2.music.126.net/VnZiScyynLG7atLIZ2YPkw==/18686200114669622.jpg",
            "trans": "",
            "picUrl": "http://p2.music.126.net/6y-UleORITEDbvrOLV0Q8A==/5639395138885805.jpg",
            "name": "",
            "id": 0,
            "img1v1Id_str": "18686200114669622"
          },
          "commentThreadId": "R_AL_3_3142085",
          "picUrl": "http://p2.music.126.net/C69zO6_wapO94TOE5DnIBg==/2941193605503524.jpg",
          "pic": 2941193605503524,
          "blurPicUrl": "http://p2.music.126.net/C69zO6_wapO94TOE5DnIBg==/2941193605503524.jpg",
          "companyId": 0,
          "description": "",
          "status": -1,
          "subType": "录音室版",
          "name": "我是歌手第三季 总决赛",
          "id": 3142085,
          "type": "专辑",
          "size": 13
        },
        "audition": null,
        "copyFrom": "",
        "ringtone": null,
        "disc": "1",
        "no": 1,
        "fee": 8,
        "hMusic": {
          "volumeDelta": 0.0,
          "bitrate": 320000,
          "playTime": 283000,
          "dfsId": 2908208256681960,
          "sr": 44100,
          "name": null,
          "id": 61738608,
          "size": 11342575,
          "extension": "mp3"
        },
        "mMusic": {
          "volumeDelta": 0.0,
          "bitrate": 160000,
          "playTime": 283000,
          "dfsId": 7827423278925498,
          "sr": 44100,
          "name": null,
          "id": 61738609,
          "size": 5671392,
          "extension": "mp3"
        },
        "lMusic": {
          "volumeDelta": 0.0,
          "bitrate": 96000,
          "playTime": 283000,
          "dfsId": 2923601419485398,
          "sr": 44100,
          "name": null,
          "id": 61738610,
          "size": 3402919,
          "extension": "mp3"
        },
        "commentThreadId": "R_SO_4_31877608",
        "mvid": 0,
        "crbt": null,
        "rtUrl": null,
        "ftype": 0,
        "rtype": 0,
        "rurl": null,
        "bMusic": {
          "volumeDelta": 0.0,
          "bitrate": 96000,
          "playTime": 283000,
          "dfsId": 2923601419485398,
          "sr": 44100,
          "name": null,
          "id": 61738610,
          "size": 3402919,
          "extension": "mp3"
        },
        "duration": 283000,
        "position": 0,
        "status": 0,
        "name": "朋友 + 和自己赛跑的人(Live)",
        "id": 31877608
      },
      {
        "starred": false,
        "popularity": 100.0,
        "starredNum": 0,
        "playedNum": 0,
        "dayPlays": 0,
        "hearTime": 0,
        "mp3Url": "http://m2.music.126.net/gkyfPxywr8ps1yDgjMybyQ==/2943392628767172.mp3",
        "rtUrls": null,
        "mark": 65536,
        "noCopyrightRcmd": null,
        "artists": [
          {
            "img1v1Id": 18686200114669622,
            "topicPerson": 0,
            "briefDesc": "",
            "followed": false,
            "alias": [],
            "picId": 0,
            "musicSize": 0,
            "albumSize": 0,
            "img1v1Url": "http://p2.music.126.net/VnZiScyynLG7atLIZ2YPkw==/18686200114669622.jpg",
            "trans": "",
            "picUrl": "http://p2.music.126.net/6y-UleORITEDbvrOLV0Q8A==/5639395138885805.jpg",
            "name": "胡彦斌",
            "id": 3066,
            "img1v1Id_str": "18686200114669622"
          },
          {
            "img1v1Id": 18686200114669622,
            "topicPerson": 0,
            "briefDesc": "",
            "followed": false,
            "alias": [],
            "picId": 0,
            "musicSize": 0,
            "albumSize": 0,
            "img1v1Url": "http://p2.music.126.net/VnZiScyynLG7atLIZ2YPkw==/18686200114669622.jpg",
            "trans": "",
            "picUrl": "http://p2.music.126.net/6y-UleORITEDbvrOLV0Q8A==/5639395138885805.jpg",
            "name": "陶喆",
            "id": 5196,
            "img1v1Id_str": "18686200114669622"
          }
        ],
        "alias": [],
        "score": 100,
        "copyrightId": 404023,
        "album": {
          "songs": [],
          "paid": false,
          "onSale": false,
          "mark": 0,
          "tags": "",
          "briefDesc": "",
          "publishTime": 1427385600007,
          "company": "湖南卫视",
          "artists": [
            {
              "img1v1Id": 18686200114669622,
              "topicPerson": 0,
              "briefDesc": "",
              "followed": false,
              "alias": [],
              "picId": 0,
              "musicSize": 0,
              "albumSize": 0,
              "img1v1Url": "http://p2.music.126.net/VnZiScyynLG7atLIZ2YPkw==/18686200114669622.jpg",
              "trans": "",
              "picUrl": "http://p2.music.126.net/6y-UleORITEDbvrOLV0Q8A==/5639395138885805.jpg",
              "name": "我是歌手",
              "id": 34306960,
              "img1v1Id_str": "18686200114669622"
            }
          ],
          "alias": [],
          "copyrightId": 424010,
          "picId": 2941193605503524,
          "artist": {
            "img1v1Id": 18686200114669622,
            "topicPerson": 0,
            "briefDesc": "",
            "followed": false,
            "alias": [],
            "picId": 0,
            "musicSize": 0,
            "albumSize": 0,
            "img1v1Url": "http://p2.music.126.net/VnZiScyynLG7atLIZ2YPkw==/18686200114669622.jpg",
            "trans": "",
            "picUrl": "http://p2.music.126.net/6y-UleORITEDbvrOLV0Q8A==/5639395138885805.jpg",
            "name": "",
            "id": 0,
            "img1v1Id_str": "18686200114669622"
          },
          "commentThreadId": "R_AL_3_3142085",
          "picUrl": "http://p2.music.126.net/C69zO6_wapO94TOE5DnIBg==/2941193605503524.jpg",
          "pic": 2941193605503524,
          "blurPicUrl": "http://p2.music.126.net/C69zO6_wapO94TOE5DnIBg==/2941193605503524.jpg",
          "companyId": 0,
          "description": "",
          "status": -1,
          "subType": "录音室版",
          "name": "我是歌手第三季 总决赛",
          "id": 3142085,
          "type": "专辑",
          "size": 13
        },
        "audition": null,
        "copyFrom": "",
        "ringtone": null,
        "disc": "1",
        "no": 2,
        "fee": 8,
        "hMusic": {
          "volumeDelta": 0.0,
          "bitrate": 320000,
          "playTime": 335000,
          "dfsId": 2900511675226406,
          "sr": 44100,
          "name": null,
          "id": 61738593,
          "size": 13403086,
          "extension": "mp3"
        },
        "mMusic": {
          "volumeDelta": 0.0,
          "bitrate": 160000,
          "playTime": 335000,
          "dfsId": 7888995930123118,
          "sr": 44100,
          "name": null,
          "id": 61738594,
          "size": 6701634,
          "extension": "mp3"
        },
        "lMusic": {
          "volumeDelta": 0.0,
          "bitrate": 96000,
          "playTime": 335000,
          "dfsId": 2943392628767172,
          "sr": 44100,
          "name": null,
          "id": 61738595,
          "size": 4021052,
          "extension": "mp3"
        },
        "commentThreadId": "R_SO_4_31877602",
        "mvid": 0,
        "crbt": null,
        "rtUrl": null,
        "ftype": 0,
        "rtype": 0,
        "rurl": null,
        "bMusic": {
          "volumeDelta": 0.0,
          "bitrate": 96000,
          "playTime": 335000,
          "dfsId": 2943392628767172,
          "sr": 44100,
          "name": null,
          "id": 61738595,
          "size": 4021052,
          "extension": "mp3"
        },
        "duration": 335000,
        "position": 0,
        "status": 0,
        "name": "黑色柳丁(Live)",
        "id": 31877602
      },
      {
        "starred": false,
        "popularity": 100.0,
        "starredNum": 0,
        "playedNum": 0,
        "dayPlays": 0,
        "hearTime": 0,
        "mp3Url": "http://m2.music.126.net/qzm8r83X051HOFqlEqksNA==/7802134511484922.mp3",
        "rtUrls": null,
        "mark": 65536,
        "noCopyrightRcmd": null,
        "artists": [
          {
            "img1v1Id": 18686200114669622,
            "topicPerson": 0,
            "briefDesc": "",
            "followed": false,
            "alias": [],
            "picId": 0,
            "musicSize": 0,
            "albumSize": 0,
            "img1v1Url": "http://p2.music.126.net/VnZiScyynLG7atLIZ2YPkw==/18686200114669622.jpg",
            "trans": "",
            "picUrl": "http://p2.music.126.net/6y-UleORITEDbvrOLV0Q8A==/5639395138885805.jpg",
            "name": "The One",
            "id": 124845,
            "img1v1Id_str": "18686200114669622"
          },
          {
            "img1v1Id": 18686200114669622,
            "topicPerson": 0,
            "briefDesc": "",
            "followed": false,
            "alias": [],
            "picId": 0,
            "musicSize": 0,
            "albumSize": 0,
            "img1v1Url": "http://p2.music.126.net/VnZiScyynLG7atLIZ2YPkw==/18686200114669622.jpg",
            "trans": "",
            "picUrl": "http://p2.music.126.net/6y-UleORITEDbvrOLV0Q8A==/5639395138885805.jpg",
            "name": "LYn",
            "id": 125617,
            "img1v1Id_str": "18686200114669622"
          }
        ],
        "alias": [],
        "score": 100,
        "copyrightId": 404023,
        "album": {
          "songs": [],
          "paid": false,
          "onSale": false,
          "mark": 0,
          "tags": "",
          "briefDesc": "",
          "publishTime": 1427385600007,
          "company": "湖南卫视",
          "artists": [
            {
              "img1v1Id": 18686200114669622,
              "topicPerson": 0,
              "briefDesc": "",
              "followed": false,
              "alias": [],
              "picId": 0,
              "musicSize": 0,
              "albumSize": 0,
              "img1v1Url": "http://p2.music.126.net/VnZiScyynLG7atLIZ2YPkw==/18686200114669622.jpg",
              "trans": "",
              "picUrl": "http://p2.music.126.net/6y-UleORITEDbvrOLV0Q8A==/5639395138885805.jpg",
              "name": "我是歌手",
              "id": 34306960,
              "img1v1Id_str": "18686200114669622"
            }
          ],
          "alias": [],
          "copyrightId": 424010,
          "picId": 2941193605503524,
          "artist": {
            "img1v1Id": 18686200114669622,
            "topicPerson": 0,
            "briefDesc": "",
            "followed": false,
            "alias": [],
            "picId": 0,
            "musicSize": 0,
            "albumSize": 0,
            "img1v1Url": "http://p2.music.126.net/VnZiScyynLG7atLIZ2YPkw==/18686200114669622.jpg",
            "trans": "",
            "picUrl": "http://p2.music.126.net/6y-UleORITEDbvrOLV0Q8A==/5639395138885805.jpg",
            "name": "",
            "id": 0,
            "img1v1Id_str": "18686200114669622"
          },
          "commentThreadId": "R_AL_3_3142085",
          "picUrl": "http://p2.music.126.net/C69zO6_wapO94TOE5DnIBg==/2941193605503524.jpg",
          "pic": 2941193605503524,
          "blurPicUrl": "http://p2.music.126.net/C69zO6_wapO94TOE5DnIBg==/2941193605503524.jpg",
          "companyId": 0,
          "description": "",
          "status": -1,
          "subType": "录音室版",
          "name": "我是歌手第三季 总决赛",
          "id": 3142085,
          "type": "专辑",
          "size": 13
        },
        "audition": null,
        "copyFrom": "",
        "ringtone": null,
        "disc": "1",
        "no": 3,
        "fee": 8,
        "hMusic": {
          "volumeDelta": 0.0,
          "bitrate": 320000,
          "playTime": 300000,
          "dfsId": 2913705814824421,
          "sr": 44100,
          "name": null,
          "id": 61738596,
          "size": 12041573,
          "extension": "mp3"
        },
        "mMusic": {
          "volumeDelta": 0.0,
          "bitrate": 160000,
          "playTime": 300000,
          "dfsId": 7880199837055616,
          "sr": 44100,
          "name": null,
          "id": 61738597,
          "size": 6020872,
          "extension": "mp3"
        },
        "lMusic": {
          "volumeDelta": 0.0,
          "bitrate": 96000,
          "playTime": 300000,
          "dfsId": 7802134511484922,
          "sr": 44100,
          "name": null,
          "id": 61738598,
          "size": 3612591,
          "extension": "mp3"
        },
        "commentThreadId": "R_SO_4_31877604",
        "mvid": 0,
        "crbt": null,
        "rtUrl": null,
        "ftype": 0,
        "rtype": 0,
        "rurl": null,
        "bMusic": {
          "volumeDelta": 0.0,
          "bitrate": 96000,
          "playTime": 300000,
          "dfsId": 7802134511484922,
          "sr": 44100,
          "name": null,
          "id": 61738598,
          "size": 3612591,
          "extension": "mp3"
        },
        "duration": 300000,
        "position": 0,
        "status": 0,
        "name": "I Believe(Live)",
        "id": 31877604
      },
      {
        "starred": false,
        "popularity": 100.0,
        "starredNum": 0,
        "playedNum": 0,
        "dayPlays": 0,
        "hearTime": 0,
        "mp3Url": "http://m2.music.126.net/jbFBfq9s3attjfD58ddcSg==/2923601419485400.mp3",
        "rtUrls": null,
        "mark": 65536,
        "noCopyrightRcmd": null,
        "artists": [
          {
            "img1v1Id": 18686200114669622,
            "topicPerson": 0,
            "briefDesc": "",
            "followed": false,
            "alias": [],
            "picId": 0,
            "musicSize": 0,
            "albumSize": 0,
            "img1v1Url": "http://p2.music.126.net/VnZiScyynLG7atLIZ2YPkw==/18686200114669622.jpg",
            "trans": "",
            "picUrl": "http://p2.music.126.net/6y-UleORITEDbvrOLV0Q8A==/5639395138885805.jpg",
            "name": "谭维维",
            "id": 9489,
            "img1v1Id_str": "18686200114669622"
          },
          {
            "img1v1Id": 18686200114669622,
            "topicPerson": 0,
            "briefDesc": "",
            "followed": false,
            "alias": [],
            "picId": 0,
            "musicSize": 0,
            "albumSize": 0,
            "img1v1Url": "http://p2.music.126.net/VnZiScyynLG7atLIZ2YPkw==/18686200114669622.jpg",
            "trans": "",
            "picUrl": "http://p2.music.126.net/6y-UleORITEDbvrOLV0Q8A==/5639395138885805.jpg",
            "name": "崔健",
            "id": 2111,
            "img1v1Id_str": "18686200114669622"
          }
        ],
        "alias": [],
        "score": 100,
        "copyrightId": 404023,
        "album": {
          "songs": [],
          "paid": false,
          "onSale": false,
          "mark": 0,
          "tags": "",
          "briefDesc": "",
          "publishTime": 1427385600007,
          "company": "湖南卫视",
          "artists": [
            {
              "img1v1Id": 18686200114669622,
              "topicPerson": 0,
              "briefDesc": "",
              "followed": false,
              "alias": [],
              "picId": 0,
              "musicSize": 0,
              "albumSize": 0,
              "img1v1Url": "http://p2.music.126.net/VnZiScyynLG7atLIZ2YPkw==/18686200114669622.jpg",
              "trans": "",
              "picUrl": "http://p2.music.126.net/6y-UleORITEDbvrOLV0Q8A==/5639395138885805.jpg",
              "name": "我是歌手",
              "id": 34306960,
              "img1v1Id_str": "18686200114669622"
            }
          ],
          "alias": [],
          "copyrightId": 424010,
          "picId": 2941193605503524,
          "artist": {
            "img1v1Id": 18686200114669622,
            "topicPerson": 0,
            "briefDesc": "",
            "followed": false,
            "alias": [],
            "picId": 0,
            "musicSize": 0,
            "albumSize": 0,
            "img1v1Url": "http://p2.music.126.net/VnZiScyynLG7atLIZ2YPkw==/18686200114669622.jpg",
            "trans": "",
            "picUrl": "http://p2.music.126.net/6y-UleORITEDbvrOLV0Q8A==/5639395138885805.jpg",
            "name": "",
            "id": 0,
            "img1v1Id_str": "18686200114669622"
          },
          "commentThreadId": "R_AL_3_3142085",
          "picUrl": "http://p2.music.126.net/C69zO6_wapO94TOE5DnIBg==/2941193605503524.jpg",
          "pic": 2941193605503524,
          "blurPicUrl": "http://p2.music.126.net/C69zO6_wapO94TOE5DnIBg==/2941193605503524.jpg",
          "companyId": 0,
          "description": "",
          "status": -1,
          "subType": "录音室版",
          "name": "我是歌手第三季 总决赛",
          "id": 3142085,
          "type": "专辑",
          "size": 13
        },
        "audition": null,
        "copyFrom": "",
        "ringtone": null,
        "disc": "1",
        "no": 4,
        "fee": 8,
        "hMusic": {
          "volumeDelta": 0.0,
          "bitrate": 320000,
          "playTime": 326000,
          "dfsId": 2908208256681961,
          "sr": 44100,
          "name": null,
          "id": 61738626,
          "size": 13073943,
          "extension": "mp3"
        },
        "mMusic": {
          "volumeDelta": 0.0,
          "bitrate": 160000,
          "playTime": 326000,
          "dfsId": 7827423278925500,
          "sr": 44100,
          "name": null,
          "id": 61738627,
          "size": 6537062,
          "extension": "mp3"
        },
        "lMusic": {
          "volumeDelta": 0.0,
          "bitrate": 96000,
          "playTime": 326000,
          "dfsId": 2923601419485400,
          "sr": 44100,
          "name": null,
          "id": 61738628,
          "size": 3922310,
          "extension": "mp3"
        },
        "commentThreadId": "R_SO_4_31877631",
        "mvid": 0,
        "crbt": null,
        "rtUrl": null,
        "ftype": 0,
        "rtype": 0,
        "rurl": null,
        "bMusic": {
          "volumeDelta": 0.0,
          "bitrate": 96000,
          "playTime": 326000,
          "dfsId": 2923601419485400,
          "sr": 44100,
          "name": null,
          "id": 61738628,
          "size": 3922310,
          "extension": "mp3"
        },
        "duration": 326000,
        "position": 0,
        "status": 0,
        "name": "鱼鸟之恋(Live)",
        "id": 31877631
      },
      {
        "starred": false,
        "popularity": 100.0,
        "starredNum": 0,
        "playedNum": 0,
        "dayPlays": 0,
        "hearTime": 0,
        "mp3Url": "http://m2.music.126.net/lfKmQOc3E_qE_wx4j91CZg==/2923601419485397.mp3",
        "rtUrls": null,
        "mark": 65536,
        "noCopyrightRcmd": null,
        "artists": [
          {
            "img1v1Id": 18686200114669622,
            "topicPerson": 0,
            "briefDesc": "",
            "followed": false,
            "alias": [],
            "picId": 0,
            "musicSize": 0,
            "albumSize": 0,
            "img1v1Url": "http://p2.music.126.net/VnZiScyynLG7atLIZ2YPkw==/18686200114669622.jpg",
            "trans": "",
            "picUrl": "http://p2.music.126.net/6y-UleORITEDbvrOLV0Q8A==/5639395138885805.jpg",
            "name": "A-Lin",
            "id": 7063,
            "img1v1Id_str": "18686200114669622"
          },
          {
            "img1v1Id": 18686200114669622,
            "topicPerson": 0,
            "briefDesc": "",
            "followed": false,
            "alias": [],
            "picId": 0,
            "musicSize": 0,
            "albumSize": 0,
            "img1v1Url": "http://p2.music.126.net/VnZiScyynLG7atLIZ2YPkw==/18686200114669622.jpg",
            "trans": "",
            "picUrl": "http://p2.music.126.net/6y-UleORITEDbvrOLV0Q8A==/5639395138885805.jpg",
            "name": "信",
            "id": 5769,
            "img1v1Id_str": "18686200114669622"
          }
        ],
        "alias": [],
        "score": 100,
        "copyrightId": 404023,
        "album": {
          "songs": [],
          "paid": false,
          "onSale": false,
          "mark": 0,
          "tags": "",
          "briefDesc": "",
          "publishTime": 1427385600007,
          "company": "湖南卫视",
          "artists": [
            {
              "img1v1Id": 18686200114669622,
              "topicPerson": 0,
              "briefDesc": "",
              "followed": false,
              "alias": [],
              "picId": 0,
              "musicSize": 0,
              "albumSize": 0,
              "img1v1Url": "http://p2.music.126.net/VnZiScyynLG7atLIZ2YPkw==/18686200114669622.jpg",
              "trans": "",
              "picUrl": "http://p2.music.126.net/6y-UleORITEDbvrOLV0Q8A==/5639395138885805.jpg",
              "name": "我是歌手",
              "id": 34306960,
              "img1v1Id_str": "18686200114669622"
            }
          ],
          "alias": [],
          "copyrightId": 424010,
          "picId": 2941193605503524,
          "artist": {
            "img1v1Id": 18686200114669622,
            "topicPerson": 0,
            "briefDesc": "",
            "followed": false,
            "alias": [],
            "picId": 0,
            "musicSize": 0,
            "albumSize": 0,
            "img1v1Url": "http://p2.music.126.net/VnZiScyynLG7atLIZ2YPkw==/18686200114669622.jpg",
            "trans": "",
            "picUrl": "http://p2.music.126.net/6y-UleORITEDbvrOLV0Q8A==/5639395138885805.jpg",
            "name": "",
            "id": 0,
            "img1v1Id_str": "18686200114669622"
          },
          "commentThreadId": "R_AL_3_3142085",
          "picUrl": "http://p2.music.126.net/C69zO6_wapO94TOE5DnIBg==/2941193605503524.jpg",
          "pic": 2941193605503524,
          "blurPicUrl": "http://p2.music.126.net/C69zO6_wapO94TOE5DnIBg==/2941193605503524.jpg",
          "companyId": 0,
          "description": "",
          "status": -1,
          "subType": "录音室版",
          "name": "我是歌手第三季 总决赛",
          "id": 3142085,
          "type": "专辑",
          "size": 13
        },
        "audition": null,
        "copyFrom": "",
        "ringtone": null,
        "disc": "1",
        "no": 5,
        "fee": 8,
        "hMusic": {
          "volumeDelta": 0.0,
          "bitrate": 320000,
          "playTime": 262000,
          "dfsId": 2908208256685689,
          "sr": 44100,
          "name": null,
          "id": 61738599,
          "size": 10485729,
          "extension": "mp3"
        },
        "mMusic": {
          "volumeDelta": 0.0,
          "bitrate": 160000,
          "playTime": 262000,
          "dfsId": 7827423278925497,
          "sr": 44100,
          "name": null,
          "id": 61738600,
          "size": 5242954,
          "extension": "mp3"
        },
        "lMusic": {
          "volumeDelta": 0.0,
          "bitrate": 96000,
          "playTime": 262000,
          "dfsId": 2923601419485397,
          "sr": 44100,
          "name": null,
          "id": 61738601,
          "size": 3145844,
          "extension": "mp3"
        },
        "commentThreadId": "R_SO_4_31877605",
        "mvid": 0,
        "crbt": null,
        "rtUrl": null,
        "ftype": 0,
        "rtype": 0,
        "rurl": null,
        "bMusic": {
          "volumeDelta": 0.0,
          "bitrate": 96000,
          "playTime": 262000,
          "dfsId": 2923601419485397,
          "sr": 44100,
          "name": null,
          "id": 61738601,
          "size": 3145844,
          "extension": "mp3"
        },
        "duration": 262000,
        "position": 0,
        "status": 0,
        "name": "狂风里拥抱(Live)",
        "id": 31877605
      },
      {
        "starred": false,
        "popularity": 100.0,
        "starredNum": 0,
        "playedNum": 0,
        "dayPlays": 0,
        "hearTime": 0,
        "mp3Url": "http://m2.music.126.net/Hhf_eRn0z1T5OeNUP-NsCw==/7802134511484923.mp3",
        "rtUrls": null,
        "mark": 65536,
        "noCopyrightRcmd": null,
        "artists": [
          {
            "img1v1Id": 18686200114669622,
            "topicPerson": 0,
            "briefDesc": "",
            "followed": false,
            "alias": [],
            "picId": 0,
            "musicSize": 0,
            "albumSize": 0,
            "img1v1Url": "http://p2.music.126.net/VnZiScyynLG7atLIZ2YPkw==/18686200114669622.jpg",
            "trans": "",
            "picUrl": "http://p2.music.126.net/6y-UleORITEDbvrOLV0Q8A==/5639395138885805.jpg",
            "name": "孙楠",
            "id": 4941,
            "img1v1Id_str": "18686200114669622"
          },
          {
            "img1v1Id": 18686200114669622,
            "topicPerson": 0,
            "briefDesc": "",
            "followed": false,
            "alias": [],
            "picId": 0,
            "musicSize": 0,
            "albumSize": 0,
            "img1v1Url": "http://p2.music.126.net/VnZiScyynLG7atLIZ2YPkw==/18686200114669622.jpg",
            "trans": "",
            "picUrl": "http://p2.music.126.net/6y-UleORITEDbvrOLV0Q8A==/5639395138885805.jpg",
            "name": "戴玉强",
            "id": 2525,
            "img1v1Id_str": "18686200114669622"
          }
        ],
        "alias": [],
        "score": 100,
        "copyrightId": 404023,
        "album": {
          "songs": [],
          "paid": false,
          "onSale": false,
          "mark": 0,
          "tags": "",
          "briefDesc": "",
          "publishTime": 1427385600007,
          "company": "湖南卫视",
          "artists": [
            {
              "img1v1Id": 18686200114669622,
              "topicPerson": 0,
              "briefDesc": "",
              "followed": false,
              "alias": [],
              "picId": 0,
              "musicSize": 0,
              "albumSize": 0,
              "img1v1Url": "http://p2.music.126.net/VnZiScyynLG7atLIZ2YPkw==/18686200114669622.jpg",
              "trans": "",
              "picUrl": "http://p2.music.126.net/6y-UleORITEDbvrOLV0Q8A==/5639395138885805.jpg",
              "name": "我是歌手",
              "id": 34306960,
              "img1v1Id_str": "18686200114669622"
            }
          ],
          "alias": [],
          "copyrightId": 424010,
          "picId": 2941193605503524,
          "artist": {
            "img1v1Id": 18686200114669622,
            "topicPerson": 0,
            "briefDesc": "",
            "followed": false,
            "alias": [],
            "picId": 0,
            "musicSize": 0,
            "albumSize": 0,
            "img1v1Url": "http://p2.music.126.net/VnZiScyynLG7atLIZ2YPkw==/18686200114669622.jpg",
            "trans": "",
            "picUrl": "http://p2.music.126.net/6y-UleORITEDbvrOLV0Q8A==/5639395138885805.jpg",
            "name": "",
            "id": 0,
            "img1v1Id_str": "18686200114669622"
          },
          "commentThreadId": "R_AL_3_3142085",
          "picUrl": "http://p2.music.126.net/C69zO6_wapO94TOE5DnIBg==/2941193605503524.jpg",
          "pic": 2941193605503524,
          "blurPicUrl": "http://p2.music.126.net/C69zO6_wapO94TOE5DnIBg==/2941193605503524.jpg",
          "companyId": 0,
          "description": "",
          "status": -1,
          "subType": "录音室版",
          "name": "我是歌手第三季 总决赛",
          "id": 3142085,
          "type": "专辑",
          "size": 13
        },
        "audition": null,
        "copyFrom": "",
        "ringtone": null,
        "disc": "1",
        "no": 6,
        "fee": 8,
        "hMusic": {
          "volumeDelta": 0.0,
          "bitrate": 320000,
          "playTime": 329000,
          "dfsId": 2913705814824422,
          "sr": 44100,
          "name": null,
          "id": 61738605,
          "size": 13163836,
          "extension": "mp3"
        },
        "mMusic": {
          "volumeDelta": 0.0,
          "bitrate": 160000,
          "playTime": 329000,
          "dfsId": 7880199837055617,
          "sr": 44100,
          "name": null,
          "id": 61738606,
          "size": 6582025,
          "extension": "mp3"
        },
        "lMusic": {
          "volumeDelta": 0.0,
          "bitrate": 96000,
          "playTime": 329000,
          "dfsId": 7802134511484923,
          "sr": 44100,
          "name": null,
          "id": 61738607,
          "size": 3949300,
          "extension": "mp3"
        },
        "commentThreadId": "R_SO_4_31877607",
        "mvid": 0,
        "crbt": null,
        "rtUrl": null,
        "ftype": 0,
        "rtype": 0,
        "rurl": null,
        "bMusic": {
          "volumeDelta": 0.0,
          "bitrate": 96000,
          "playTime": 329000,
          "dfsId": 7802134511484923,
          "sr": 44100,
          "name": null,
          "id": 61738607,
          "size": 3949300,
          "extension": "mp3"
        },
        "duration": 329000,
        "position": 0,
        "status": 0,
        "name": "你快回来 + 今夜无人入眠(Live)",
        "id": 31877607
      },
      {
        "starred": false,
        "popularity": 100.0,
        "starredNum": 0,
        "playedNum": 0,
        "dayPlays": 0,
        "hearTime": 0,
        "mp3Url": "http://m2.music.126.net/Fboth2g_NI0xUQ4DHZ-BMA==/2943392628767175.mp3",
        "rtUrls": null,
        "mark": 65536,
        "noCopyrightRcmd": null,
        "artists": [
          {
            "img1v1Id": 18686200114669622,
            "topicPerson": 0,
            "briefDesc": "",
            "followed": false,
            "alias": [],
            "picId": 0,
            "musicSize": 0,
            "albumSize": 0,
            "img1v1Url": "http://p2.music.126.net/VnZiScyynLG7atLIZ2YPkw==/18686200114669622.jpg",
            "trans": "",
            "picUrl": "http://p2.music.126.net/6y-UleORITEDbvrOLV0Q8A==/5639395138885805.jpg",
            "name": "韩红",
            "id": 7891,
            "img1v1Id_str": "18686200114669622"
          },
          {
            "img1v1Id": 18686200114669622,
            "topicPerson": 0,
            "briefDesc": "",
            "followed": false,
            "alias": [],
            "picId": 0,
            "musicSize": 0,
            "albumSize": 0,
            "img1v1Url": "http://p2.music.126.net/VnZiScyynLG7atLIZ2YPkw==/18686200114669622.jpg",
            "trans": "",
            "picUrl": "http://p2.music.126.net/6y-UleORITEDbvrOLV0Q8A==/5639395138885805.jpg",
            "name": "陈奕迅",
            "id": 2116,
            "img1v1Id_str": "18686200114669622"
          }
        ],
        "alias": [],
        "score": 100,
        "copyrightId": 404023,
        "album": {
          "songs": [],
          "paid": false,
          "onSale": false,
          "mark": 0,
          "tags": "",
          "briefDesc": "",
          "publishTime": 1427385600007,
          "company": "湖南卫视",
          "artists": [
            {
              "img1v1Id": 18686200114669622,
              "topicPerson": 0,
              "briefDesc": "",
              "followed": false,
              "alias": [],
              "picId": 0,
              "musicSize": 0,
              "albumSize": 0,
              "img1v1Url": "http://p2.music.126.net/VnZiScyynLG7atLIZ2YPkw==/18686200114669622.jpg",
              "trans": "",
              "picUrl": "http://p2.music.126.net/6y-UleORITEDbvrOLV0Q8A==/5639395138885805.jpg",
              "name": "我是歌手",
              "id": 34306960,
              "img1v1Id_str": "18686200114669622"
            }
          ],
          "alias": [],
          "copyrightId": 424010,
          "picId": 2941193605503524,
          "artist": {
            "img1v1Id": 18686200114669622,
            "topicPerson": 0,
            "briefDesc": "",
            "followed": false,
            "alias": [],
            "picId": 0,
            "musicSize": 0,
            "albumSize": 0,
            "img1v1Url": "http://p2.music.126.net/VnZiScyynLG7atLIZ2YPkw==/18686200114669622.jpg",
            "trans": "",
            "picUrl": "http://p2.music.126.net/6y-UleORITEDbvrOLV0Q8A==/5639395138885805.jpg",
            "name": "",
            "id": 0,
            "img1v1Id_str": "18686200114669622"
          },
          "commentThreadId": "R_AL_3_3142085",
          "picUrl": "http://p2.music.126.net/C69zO6_wapO94TOE5DnIBg==/2941193605503524.jpg",
          "pic": 2941193605503524,
          "blurPicUrl": "http://p2.music.126.net/C69zO6_wapO94TOE5DnIBg==/2941193605503524.jpg",
          "companyId": 0,
          "description": "",
          "status": -1,
          "subType": "录音室版",
          "name": "我是歌手第三季 总决赛",
          "id": 3142085,
          "type": "专辑",
          "size": 13
        },
        "audition": null,
        "copyFrom": "",
        "ringtone": null,
        "disc": "1",
        "no": 7,
        "fee": 8,
        "hMusic": {
          "volumeDelta": 0.0,
          "bitrate": 320000,
          "playTime": 306000,
          "dfsId": 2900511675226409,
          "sr": 44100,
          "name": null,
          "id": 61738620,
          "size": 12277719,
          "extension": "mp3"
        },
        "mMusic": {
          "volumeDelta": 0.0,
          "bitrate": 160000,
          "playTime": 306000,
          "dfsId": 7888995930123121,
          "sr": 44100,
          "name": null,
          "id": 61738621,
          "size": 6138944,
          "extension": "mp3"
        },
        "lMusic": {
          "volumeDelta": 0.0,
          "bitrate": 96000,
          "playTime": 306000,
          "dfsId": 2943392628767175,
          "sr": 44100,
          "name": null,
          "id": 61738622,
          "size": 3683434,
          "extension": "mp3"
        },
        "commentThreadId": "R_SO_4_31877628",
        "mvid": 0,
        "crbt": null,
        "rtUrl": null,
        "ftype": 0,
        "rtype": 0,
        "rurl": null,
        "bMusic": {
          "volumeDelta": 0.0,
          "bitrate": 96000,
          "playTime": 306000,
          "dfsId": 2943392628767175,
          "sr": 44100,
          "name": null,
          "id": 61738622,
          "size": 3683434,
          "extension": "mp3"
        },
        "duration": 306000,
        "position": 0,
        "status": 0,
        "name": "十年(Live)",
        "id": 31877628
      },
      {
        "starred": false,
        "popularity": 100.0,
        "starredNum": 0,
        "playedNum": 0,
        "dayPlays": 0,
        "hearTime": 0,
        "mp3Url": "http://m2.music.126.net/7tqVwQaVP59meotsBs8K-A==/2923601419485396.mp3",
        "rtUrls": null,
        "mark": 65536,
        "noCopyrightRcmd": null,
        "artists": [
          {
            "img1v1Id": 18686200114669622,
            "topicPerson": 0,
            "briefDesc": "",
            "followed": false,
            "alias": [],
            "picId": 0,
            "musicSize": 0,
            "albumSize": 0,
            "img1v1Url": "http://p2.music.126.net/VnZiScyynLG7atLIZ2YPkw==/18686200114669622.jpg",
            "trans": "",
            "picUrl": "http://p2.music.126.net/6y-UleORITEDbvrOLV0Q8A==/5639395138885805.jpg",
            "name": "The One",
            "id": 124845,
            "img1v1Id_str": "18686200114669622"
          }
        ],
        "alias": [],
        "score": 100,
        "copyrightId": 404023,
        "album": {
          "songs": [],
          "paid": false,
          "onSale": false,
          "mark": 0,
          "tags": "",
          "briefDesc": "",
          "publishTime": 1427385600007,
          "company": "湖南卫视",
          "artists": [
            {
              "img1v1Id": 18686200114669622,
              "topicPerson": 0,
              "briefDesc": "",
              "followed": false,
              "alias": [],
              "picId": 0,
              "musicSize": 0,
              "albumSize": 0,
              "img1v1Url": "http://p2.music.126.net/VnZiScyynLG7atLIZ2YPkw==/18686200114669622.jpg",
              "trans": "",
              "picUrl": "http://p2.music.126.net/6y-UleORITEDbvrOLV0Q8A==/5639395138885805.jpg",
              "name": "我是歌手",
              "id": 34306960,
              "img1v1Id_str": "18686200114669622"
            }
          ],
          "alias": [],
          "copyrightId": 424010,
          "picId": 2941193605503524,
          "artist": {
            "img1v1Id": 18686200114669622,
            "topicPerson": 0,
            "briefDesc": "",
            "followed": false,
            "alias": [],
            "picId": 0,
            "musicSize": 0,
            "albumSize": 0,
            "img1v1Url": "http://p2.music.126.net/VnZiScyynLG7atLIZ2YPkw==/18686200114669622.jpg",
            "trans": "",
            "picUrl": "http://p2.music.126.net/6y-UleORITEDbvrOLV0Q8A==/5639395138885805.jpg",
            "name": "",
            "id": 0,
            "img1v1Id_str": "18686200114669622"
          },
          "commentThreadId": "R_AL_3_3142085",
          "picUrl": "http://p2.music.126.net/C69zO6_wapO94TOE5DnIBg==/2941193605503524.jpg",
          "pic": 2941193605503524,
          "blurPicUrl": "http://p2.music.126.net/C69zO6_wapO94TOE5DnIBg==/2941193605503524.jpg",
          "companyId": 0,
          "description": "",
          "status": -1,
          "subType": "录音室版",
          "name": "我是歌手第三季 总决赛",
          "id": 3142085,
          "type": "专辑",
          "size": 13
        },
        "audition": null,
        "copyFrom": "",
        "ringtone": null,
        "disc": "2",
        "no": 1,
        "fee": 8,
        "hMusic": {
          "volumeDelta": 0.0,
          "bitrate": 320000,
          "playTime": 279000,
          "dfsId": 2908208256681959,
          "sr": 44100,
          "name": null,
          "id": 61738590,
          "size": 11175357,
          "extension": "mp3"
        },
        "mMusic": {
          "volumeDelta": 0.0,
          "bitrate": 160000,
          "playTime": 279000,
          "dfsId": 7827423278925496,
          "sr": 44100,
          "name": null,
          "id": 61738591,
          "size": 5587766,
          "extension": "mp3"
        },
        "lMusic": {
          "volumeDelta": 0.0,
          "bitrate": 96000,
          "playTime": 279000,
          "dfsId": 2923601419485396,
          "sr": 44100,
          "name": null,
          "id": 61738592,
          "size": 3352730,
          "extension": "mp3"
        },
        "commentThreadId": "R_SO_4_31877601",
        "mvid": 0,
        "crbt": null,
        "rtUrl": null,
        "ftype": 0,
        "rtype": 0,
        "rurl": null,
        "bMusic": {
          "volumeDelta": 0.0,
          "bitrate": 96000,
          "playTime": 279000,
          "dfsId": 2923601419485396,
          "sr": 44100,
          "name": null,
          "id": 61738592,
          "size": 3352730,
          "extension": "mp3"
        },
        "duration": 279000,
        "position": 0,
        "status": 0,
        "name": "爱情啊(Live)",
        "id": 31877601
      },
      {
        "starred": false,
        "popularity": 100.0,
        "starredNum": 0,
        "playedNum": 0,
        "dayPlays": 0,
        "hearTime": 0,
        "mp3Url": "http://m2.music.126.net/C8ou5KMpj6AIwB9X1SdFjw==/2943392628767174.mp3",
        "rtUrls": null,
        "mark": 65536,
        "noCopyrightRcmd": null,
        "artists": [
          {
            "img1v1Id": 18686200114669622,
            "topicPerson": 0,
            "briefDesc": "",
            "followed": false,
            "alias": [],
            "picId": 0,
            "musicSize": 0,
            "albumSize": 0,
            "img1v1Url": "http://p2.music.126.net/VnZiScyynLG7atLIZ2YPkw==/18686200114669622.jpg",
            "trans": "",
            "picUrl": "http://p2.music.126.net/6y-UleORITEDbvrOLV0Q8A==/5639395138885805.jpg",
            "name": "胡彦斌",
            "id": 3066,
            "img1v1Id_str": "18686200114669622"
          }
        ],
        "alias": [],
        "score": 100,
        "copyrightId": 404023,
        "album": {
          "songs": [],
          "paid": false,
          "onSale": false,
          "mark": 0,
          "tags": "",
          "briefDesc": "",
          "publishTime": 1427385600007,
          "company": "湖南卫视",
          "artists": [
            {
              "img1v1Id": 18686200114669622,
              "topicPerson": 0,
              "briefDesc": "",
              "followed": false,
              "alias": [],
              "picId": 0,
              "musicSize": 0,
              "albumSize": 0,
              "img1v1Url": "http://p2.music.126.net/VnZiScyynLG7atLIZ2YPkw==/18686200114669622.jpg",
              "trans": "",
              "picUrl": "http://p2.music.126.net/6y-UleORITEDbvrOLV0Q8A==/5639395138885805.jpg",
              "name": "我是歌手",
              "id": 34306960,
              "img1v1Id_str": "18686200114669622"
            }
          ],
          "alias": [],
          "copyrightId": 424010,
          "picId": 2941193605503524,
          "artist": {
            "img1v1Id": 18686200114669622,
            "topicPerson": 0,
            "briefDesc": "",
            "followed": false,
            "alias": [],
            "picId": 0,
            "musicSize": 0,
            "albumSize": 0,
            "img1v1Url": "http://p2.music.126.net/VnZiScyynLG7atLIZ2YPkw==/18686200114669622.jpg",
            "trans": "",
            "picUrl": "http://p2.music.126.net/6y-UleORITEDbvrOLV0Q8A==/5639395138885805.jpg",
            "name": "",
            "id": 0,
            "img1v1Id_str": "18686200114669622"
          },
          "commentThreadId": "R_AL_3_3142085",
          "picUrl": "http://p2.music.126.net/C69zO6_wapO94TOE5DnIBg==/2941193605503524.jpg",
          "pic": 2941193605503524,
          "blurPicUrl": "http://p2.music.126.net/C69zO6_wapO94TOE5DnIBg==/2941193605503524.jpg",
          "companyId": 0,
          "description": "",
          "status": -1,
          "subType": "录音室版",
          "name": "我是歌手第三季 总决赛",
          "id": 3142085,
          "type": "专辑",
          "size": 13
        },
        "audition": null,
        "copyFrom": "",
        "ringtone": null,
        "disc": "2",
        "no": 2,
        "fee": 8,
        "hMusic": {
          "volumeDelta": 0.0,
          "bitrate": 320000,
          "playTime": 328000,
          "dfsId": 2900511675226408,
          "sr": 44100,
          "name": null,
          "id": 61738611,
          "size": 13126180,
          "extension": "mp3"
        },
        "mMusic": {
          "volumeDelta": 0.0,
          "bitrate": 160000,
          "playTime": 328000,
          "dfsId": 7888995930123120,
          "sr": 44100,
          "name": null,
          "id": 61738612,
          "size": 6563177,
          "extension": "mp3"
        },
        "lMusic": {
          "volumeDelta": 0.0,
          "bitrate": 96000,
          "playTime": 328000,
          "dfsId": 2943392628767174,
          "sr": 44100,
          "name": null,
          "id": 61738613,
          "size": 3937975,
          "extension": "mp3"
        },
        "commentThreadId": "R_SO_4_31877609",
        "mvid": 0,
        "crbt": null,
        "rtUrl": null,
        "ftype": 0,
        "rtype": 0,
        "rurl": null,
        "bMusic": {
          "volumeDelta": 0.0,
          "bitrate": 96000,
          "playTime": 328000,
          "dfsId": 2943392628767174,
          "sr": 44100,
          "name": null,
          "id": 61738613,
          "size": 3937975,
          "extension": "mp3"
        },
        "duration": 328000,
        "position": 0,
        "status": 0,
        "name": "娘子(Live)",
        "id": 31877609
      },
      {
        "starred": false,
        "popularity": 100.0,
        "starredNum": 0,
        "playedNum": 0,
        "dayPlays": 0,
        "hearTime": 0,
        "mp3Url": "http://m2.music.126.net/n3SFJ8RKEd-pLMKJCLjE0w==/2923601419485399.mp3",
        "rtUrls": null,
        "mark": 65536,
        "noCopyrightRcmd": null,
        "artists": [
          {
            "img1v1Id": 18686200114669622,
            "topicPerson": 0,
            "briefDesc": "",
            "followed": false,
            "alias": [],
            "picId": 0,
            "musicSize": 0,
            "albumSize": 0,
            "img1v1Url": "http://p2.music.126.net/VnZiScyynLG7atLIZ2YPkw==/18686200114669622.jpg",
            "trans": "",
            "picUrl": "http://p2.music.126.net/6y-UleORITEDbvrOLV0Q8A==/5639395138885805.jpg",
            "name": "谭维维",
            "id": 9489,
            "img1v1Id_str": "18686200114669622"
          }
        ],
        "alias": [],
        "score": 100,
        "copyrightId": 404023,
        "album": {
          "songs": [],
          "paid": false,
          "onSale": false,
          "mark": 0,
          "tags": "",
          "briefDesc": "",
          "publishTime": 1427385600007,
          "company": "湖南卫视",
          "artists": [
            {
              "img1v1Id": 18686200114669622,
              "topicPerson": 0,
              "briefDesc": "",
              "followed": false,
              "alias": [],
              "picId": 0,
              "musicSize": 0,
              "albumSize": 0,
              "img1v1Url": "http://p2.music.126.net/VnZiScyynLG7atLIZ2YPkw==/18686200114669622.jpg",
              "trans": "",
              "picUrl": "http://p2.music.126.net/6y-UleORITEDbvrOLV0Q8A==/5639395138885805.jpg",
              "name": "我是歌手",
              "id": 34306960,
              "img1v1Id_str": "18686200114669622"
            }
          ],
          "alias": [],
          "copyrightId": 424010,
          "picId": 2941193605503524,
          "artist": {
            "img1v1Id": 18686200114669622,
            "topicPerson": 0,
            "briefDesc": "",
            "followed": false,
            "alias": [],
            "picId": 0,
            "musicSize": 0,
            "albumSize": 0,
            "img1v1Url": "http://p2.music.126.net/VnZiScyynLG7atLIZ2YPkw==/18686200114669622.jpg",
            "trans": "",
            "picUrl": "http://p2.music.126.net/6y-UleORITEDbvrOLV0Q8A==/5639395138885805.jpg",
            "name": "",
            "id": 0,
            "img1v1Id_str": "18686200114669622"
          },
          "commentThreadId": "R_AL_3_3142085",
          "picUrl": "http://p2.music.126.net/C69zO6_wapO94TOE5DnIBg==/2941193605503524.jpg",
          "pic": 2941193605503524,
          "blurPicUrl": "http://p2.music.126.net/C69zO6_wapO94TOE5DnIBg==/2941193605503524.jpg",
          "companyId": 0,
          "description": "",
          "status": -1,
          "subType": "录音室版",
          "name": "我是歌手第三季 总决赛",
          "id": 3142085,
          "type": "专辑",
          "size": 13
        },
        "audition": null,
        "copyFrom": "",
        "ringtone": null,
        "disc": "2",
        "no": 3,
        "fee": 8,
        "hMusic": {
          "volumeDelta": 0.0,
          "bitrate": 320000,
          "playTime": 263000,
          "dfsId": 2908208256685690,
          "sr": 44100,
          "name": null,
          "id": 61738617,
          "size": 10549473,
          "extension": "mp3"
        },
        "mMusic": {
          "volumeDelta": 0.0,
          "bitrate": 160000,
          "playTime": 263000,
          "dfsId": 7827423278925499,
          "sr": 44100,
          "name": null,
          "id": 61738618,
          "size": 5274829,
          "extension": "mp3"
        },
        "lMusic": {
          "volumeDelta": 0.0,
          "bitrate": 96000,
          "playTime": 263000,
          "dfsId": 2923601419485399,
          "sr": 44100,
          "name": null,
          "id": 61738619,
          "size": 3164971,
          "extension": "mp3"
        },
        "commentThreadId": "R_SO_4_31877627",
        "mvid": 0,
        "crbt": null,
        "rtUrl": null,
        "ftype": 0,
        "rtype": 0,
        "rurl": null,
        "bMusic": {
          "volumeDelta": 0.0,
          "bitrate": 96000,
          "playTime": 263000,
          "dfsId": 2923601419485399,
          "sr": 44100,
          "name": null,
          "id": 61738619,
          "size": 3164971,
          "extension": "mp3"
        },
        "duration": 263000,
        "position": 0,
        "status": 0,
        "name": "如果有来生(Live)",
        "id": 31877627
      },
      {
        "starred": false,
        "popularity": 100.0,
        "starredNum": 0,
        "playedNum": 0,
        "dayPlays": 0,
        "hearTime": 0,
        "mp3Url": "http://m2.music.126.net/9XqfssVPZHGt_wZa2tkQJA==/2943392628767173.mp3",
        "rtUrls": null,
        "mark": 65536,
        "noCopyrightRcmd": null,
        "artists": [
          {
            "img1v1Id": 18686200114669622,
            "topicPerson": 0,
            "briefDesc": "",
            "followed": false,
            "alias": [],
            "picId": 0,
            "musicSize": 0,
            "albumSize": 0,
            "img1v1Url": "http://p2.music.126.net/VnZiScyynLG7atLIZ2YPkw==/18686200114669622.jpg",
            "trans": "",
            "picUrl": "http://p2.music.126.net/6y-UleORITEDbvrOLV0Q8A==/5639395138885805.jpg",
            "name": "李健",
            "id": 3695,
            "img1v1Id_str": "18686200114669622"
          }
        ],
        "alias": [
          "原唱：李健 + 郭颂"
        ],
        "score": 100,
        "copyrightId": 404023,
        "album": {
          "songs": [],
          "paid": false,
          "onSale": false,
          "mark": 0,
          "tags": "",
          "briefDesc": "",
          "publishTime": 1427385600007,
          "company": "湖南卫视",
          "artists": [
            {
              "img1v1Id": 18686200114669622,
              "topicPerson": 0,
              "briefDesc": "",
              "followed": false,
              "alias": [],
              "picId": 0,
              "musicSize": 0,
              "albumSize": 0,
              "img1v1Url": "http://p2.music.126.net/VnZiScyynLG7atLIZ2YPkw==/18686200114669622.jpg",
              "trans": "",
              "picUrl": "http://p2.music.126.net/6y-UleORITEDbvrOLV0Q8A==/5639395138885805.jpg",
              "name": "我是歌手",
              "id": 34306960,
              "img1v1Id_str": "18686200114669622"
            }
          ],
          "alias": [],
          "copyrightId": 424010,
          "picId": 2941193605503524,
          "artist": {
            "img1v1Id": 18686200114669622,
            "topicPerson": 0,
            "briefDesc": "",
            "followed": false,
            "alias": [],
            "picId": 0,
            "musicSize": 0,
            "albumSize": 0,
            "img1v1Url": "http://p2.music.126.net/VnZiScyynLG7atLIZ2YPkw==/18686200114669622.jpg",
            "trans": "",
            "picUrl": "http://p2.music.126.net/6y-UleORITEDbvrOLV0Q8A==/5639395138885805.jpg",
            "name": "",
            "id": 0,
            "img1v1Id_str": "18686200114669622"
          },
          "commentThreadId": "R_AL_3_3142085",
          "picUrl": "http://p2.music.126.net/C69zO6_wapO94TOE5DnIBg==/2941193605503524.jpg",
          "pic": 2941193605503524,
          "blurPicUrl": "http://p2.music.126.net/C69zO6_wapO94TOE5DnIBg==/2941193605503524.jpg",
          "companyId": 0,
          "description": "",
          "status": -1,
          "subType": "录音室版",
          "name": "我是歌手第三季 总决赛",
          "id": 3142085,
          "type": "专辑",
          "size": 13
        },
        "audition": null,
        "copyFrom": "",
        "ringtone": null,
        "disc": "2",
        "no": 4,
        "fee": 8,
        "hMusic": {
          "volumeDelta": 0.0,
          "bitrate": 320000,
          "playTime": 307000,
          "dfsId": 2900511675226407,
          "sr": 44100,
          "name": null,
          "id": 61738602,
          "size": 12287163,
          "extension": "mp3"
        },
        "mMusic": {
          "volumeDelta": 0.0,
          "bitrate": 160000,
          "playTime": 307000,
          "dfsId": 7888995930123119,
          "sr": 44100,
          "name": null,
          "id": 61738603,
          "size": 6143686,
          "extension": "mp3"
        },
        "lMusic": {
          "volumeDelta": 0.0,
          "bitrate": 96000,
          "playTime": 307000,
          "dfsId": 2943392628767173,
          "sr": 44100,
          "name": null,
          "id": 61738604,
          "size": 3686295,
          "extension": "mp3"
        },
        "commentThreadId": "R_SO_4_31877606",
        "mvid": 0,
        "crbt": null,
        "rtUrl": null,
        "ftype": 0,
        "rtype": 0,
        "rurl": null,
        "bMusic": {
          "volumeDelta": 0.0,
          "bitrate": 96000,
          "playTime": 307000,
          "dfsId": 2943392628767173,
          "sr": 44100,
          "name": null,
          "id": 61738604,
          "size": 3686295,
          "extension": "mp3"
        },
        "duration": 307000,
        "position": 0,
        "status": 0,
        "name": "故乡山川 + 乌苏里船歌(Live)",
        "id": 31877606
      },
      {
        "starred": false,
        "popularity": 100.0,
        "starredNum": 0,
        "playedNum": 0,
        "dayPlays": 0,
        "hearTime": 0,
        "mp3Url": "http://m2.music.126.net/KNz-m_-K3WO86lGPRRpNPg==/7802134511484925.mp3",
        "rtUrls": null,
        "mark": 65536,
        "noCopyrightRcmd": null,
        "artists": [
          {
            "img1v1Id": 18686200114669622,
            "topicPerson": 0,
            "briefDesc": "",
            "followed": false,
            "alias": [],
            "picId": 0,
            "musicSize": 0,
            "albumSize": 0,
            "img1v1Url": "http://p2.music.126.net/VnZiScyynLG7atLIZ2YPkw==/18686200114669622.jpg",
            "trans": "",
            "picUrl": "http://p2.music.126.net/6y-UleORITEDbvrOLV0Q8A==/5639395138885805.jpg",
            "name": "韩红",
            "id": 7891,
            "img1v1Id_str": "18686200114669622"
          }
        ],
        "alias": [],
        "score": 100,
        "copyrightId": 404023,
        "album": {
          "songs": [],
          "paid": false,
          "onSale": false,
          "mark": 0,
          "tags": "",
          "briefDesc": "",
          "publishTime": 1427385600007,
          "company": "湖南卫视",
          "artists": [
            {
              "img1v1Id": 18686200114669622,
              "topicPerson": 0,
              "briefDesc": "",
              "followed": false,
              "alias": [],
              "picId": 0,
              "musicSize": 0,
              "albumSize": 0,
              "img1v1Url": "http://p2.music.126.net/VnZiScyynLG7atLIZ2YPkw==/18686200114669622.jpg",
              "trans": "",
              "picUrl": "http://p2.music.126.net/6y-UleORITEDbvrOLV0Q8A==/5639395138885805.jpg",
              "name": "我是歌手",
              "id": 34306960,
              "img1v1Id_str": "18686200114669622"
            }
          ],
          "alias": [],
          "copyrightId": 424010,
          "picId": 2941193605503524,
          "artist": {
            "img1v1Id": 18686200114669622,
            "topicPerson": 0,
            "briefDesc": "",
            "followed": false,
            "alias": [],
            "picId": 0,
            "musicSize": 0,
            "albumSize": 0,
            "img1v1Url": "http://p2.music.126.net/VnZiScyynLG7atLIZ2YPkw==/18686200114669622.jpg",
            "trans": "",
            "picUrl": "http://p2.music.126.net/6y-UleORITEDbvrOLV0Q8A==/5639395138885805.jpg",
            "name": "",
            "id": 0,
            "img1v1Id_str": "18686200114669622"
          },
          "commentThreadId": "R_AL_3_3142085",
          "picUrl": "http://p2.music.126.net/C69zO6_wapO94TOE5DnIBg==/2941193605503524.jpg",
          "pic": 2941193605503524,
          "blurPicUrl": "http://p2.music.126.net/C69zO6_wapO94TOE5DnIBg==/2941193605503524.jpg",
          "companyId": 0,
          "description": "",
          "status": -1,
          "subType": "录音室版",
          "name": "我是歌手第三季 总决赛",
          "id": 3142085,
          "type": "专辑",
          "size": 13
        },
        "audition": null,
        "copyFrom": "",
        "ringtone": null,
        "disc": "2",
        "no": 5,
        "fee": 8,
        "hMusic": {
          "volumeDelta": 0.0,
          "bitrate": 320000,
          "playTime": 281000,
          "dfsId": 2913705814824424,
          "sr": 44100,
          "name": null,
          "id": 61738623,
          "size": 11266257,
          "extension": "mp3"
        },
        "mMusic": {
          "volumeDelta": 0.0,
          "bitrate": 160000,
          "playTime": 281000,
          "dfsId": 7880199837055619,
          "sr": 44100,
          "name": null,
          "id": 61738624,
          "size": 5633213,
          "extension": "mp3"
        },
        "lMusic": {
          "volumeDelta": 0.0,
          "bitrate": 96000,
          "playTime": 281000,
          "dfsId": 7802134511484925,
          "sr": 44100,
          "name": null,
          "id": 61738625,
          "size": 3379995,
          "extension": "mp3"
        },
        "commentThreadId": "R_SO_4_31877629",
        "mvid": 0,
        "crbt": null,
        "rtUrl": null,
        "ftype": 0,
        "rtype": 0,
        "rurl": null,
        "bMusic": {
          "volumeDelta": 0.0,
          "bitrate": 96000,
          "playTime": 281000,
          "dfsId": 7802134511484925,
          "sr": 44100,
          "name": null,
          "id": 61738625,
          "size": 3379995,
          "extension": "mp3"
        },
        "duration": 281000,
        "position": 0,
        "status": 0,
        "name": "天路(Live)",
        "id": 31877629
      },
      {
        "starred": false,
        "popularity": 100.0,
        "starredNum": 0,
        "playedNum": 0,
        "dayPlays": 0,
        "hearTime": 0,
        "mp3Url": "http://m2.music.126.net/t3gAWVJkx0woo2PV3yZdSQ==/7802134511484924.mp3",
        "rtUrls": null,
        "mark": 65536,
        "noCopyrightRcmd": null,
        "artists": [
          {
            "img1v1Id": 18686200114669622,
            "topicPerson": 0,
            "briefDesc": "",
            "followed": false,
            "alias": [],
            "picId": 0,
            "musicSize": 0,
            "albumSize": 0,
            "img1v1Url": "http://p2.music.126.net/VnZiScyynLG7atLIZ2YPkw==/18686200114669622.jpg",
            "trans": "",
            "picUrl": "http://p2.music.126.net/6y-UleORITEDbvrOLV0Q8A==/5639395138885805.jpg",
            "name": "A-Lin",
            "id": 7063,
            "img1v1Id_str": "18686200114669622"
          }
        ],
        "alias": [
          "原唱：蔡依林"
        ],
        "score": 100,
        "copyrightId": 404023,
        "album": {
          "songs": [],
          "paid": false,
          "onSale": false,
          "mark": 0,
          "tags": "",
          "briefDesc": "",
          "publishTime": 1427385600007,
          "company": "湖南卫视",
          "artists": [
            {
              "img1v1Id": 18686200114669622,
              "topicPerson": 0,
              "briefDesc": "",
              "followed": false,
              "alias": [],
              "picId": 0,
              "musicSize": 0,
              "albumSize": 0,
              "img1v1Url": "http://p2.music.126.net/VnZiScyynLG7atLIZ2YPkw==/18686200114669622.jpg",
              "trans": "",
              "picUrl": "http://p2.music.126.net/6y-UleORITEDbvrOLV0Q8A==/5639395138885805.jpg",
              "name": "我是歌手",
              "id": 34306960,
              "img1v1Id_str": "18686200114669622"
            }
          ],
          "alias": [],
          "copyrightId": 424010,
          "picId": 2941193605503524,
          "artist": {
            "img1v1Id": 18686200114669622,
            "topicPerson": 0,
            "briefDesc": "",
            "followed": false,
            "alias": [],
            "picId": 0,
            "musicSize": 0,
            "albumSize": 0,
            "img1v1Url": "http://p2.music.126.net/VnZiScyynLG7atLIZ2YPkw==/18686200114669622.jpg",
            "trans": "",
            "picUrl": "http://p2.music.126.net/6y-UleORITEDbvrOLV0Q8A==/5639395138885805.jpg",
            "name": "",
            "id": 0,
            "img1v1Id_str": "18686200114669622"
          },
          "commentThreadId": "R_AL_3_3142085",
          "picUrl": "http://p2.music.126.net/C69zO6_wapO94TOE5DnIBg==/2941193605503524.jpg",
          "pic": 2941193605503524,
          "blurPicUrl": "http://p2.music.126.net/C69zO6_wapO94TOE5DnIBg==/2941193605503524.jpg",
          "companyId": 0,
          "description": "",
          "status": -1,
          "subType": "录音室版",
          "name": "我是歌手第三季 总决赛",
          "id": 3142085,
          "type": "专辑",
          "size": 13
        },
        "audition": null,
        "copyFrom": "",
        "ringtone": null,
        "disc": "2",
        "no": 6,
        "fee": 8,
        "hMusic": {
          "volumeDelta": 0.0,
          "bitrate": 320000,
          "playTime": 272000,
          "dfsId": 2913705814824423,
          "sr": 44100,
          "name": null,
          "id": 61738614,
          "size": 10917276,
          "extension": "mp3"
        },
        "mMusic": {
          "volumeDelta": 0.0,
          "bitrate": 160000,
          "playTime": 272000,
          "dfsId": 7880199837055618,
          "sr": 44100,
          "name": null,
          "id": 61738615,
          "size": 5458730,
          "extension": "mp3"
        },
        "lMusic": {
          "volumeDelta": 0.0,
          "bitrate": 96000,
          "playTime": 272000,
          "dfsId": 7802134511484924,
          "sr": 44100,
          "name": null,
          "id": 61738616,
          "size": 3275311,
          "extension": "mp3"
        },
        "commentThreadId": "R_SO_4_31877610",
        "mvid": 0,
        "crbt": null,
        "rtUrl": null,
        "ftype": 0,
        "rtype": 0,
        "rurl": null,
        "bMusic": {
          "volumeDelta": 0.0,
          "bitrate": 96000,
          "playTime": 272000,
          "dfsId": 7802134511484924,
          "sr": 44100,
          "name": null,
          "id": 61738616,
          "size": 3275311,
          "extension": "mp3"
        },
        "duration": 272000,
        "position": 0,
        "status": 0,
        "name": "柠檬草的味道(Live)",
        "id": 31877610
      }
    ],
    "paid": false,
    "onSale": false,
    "mark": 0,
    "tags": "",
    "briefDesc": "",
    "publishTime": 1427385600007,
    "company": "湖南卫视",
    "artists": [
      {
        "img1v1Id": 18686200114669622,
        "topicPerson": 0,
        "briefDesc": "",
        "followed": false,
        "alias": [],
        "picId": 0,
        "musicSize": 0,
        "albumSize": 0,
        "img1v1Url": "http://p2.music.126.net/VnZiScyynLG7atLIZ2YPkw==/18686200114669622.jpg",
        "trans": "",
        "picUrl": "http://p2.music.126.net/6y-UleORITEDbvrOLV0Q8A==/5639395138885805.jpg",
        "name": "我是歌手",
        "id": 34306960,
        "img1v1Id_str": "18686200114669622"
      }
    ],
    "alias": [],
    "copyrightId": 424010,
    "picId": 2941193605503524,
    "artist": {
      "img1v1Id": 18686200114669622,
      "topicPerson": 0,
      "briefDesc": "",
      "followed": false,
      "alias": [],
      "picId": 109951164683982376,
      "musicSize": 448,
      "albumSize": 54,
      "img1v1Url": "http://p2.music.126.net/VnZiScyynLG7atLIZ2YPkw==/18686200114669622.jpg",
      "trans": "I AM A SINGER",
      "picUrl": "http://p2.music.126.net/8ec8Qk26ufskY-zxqZqe8Q==/109951164683982376.jpg",
      "name": "我是歌手",
      "id": 34306960,
      "picId_str": "109951164683982376",
      "transNames": [
        "I AM A SINGER"
      ],
      "img1v1Id_str": "18686200114669622"
    },
    "commentThreadId": "R_AL_3_3142085",
    "picUrl": "http://p1.music.126.net/C69zO6_wapO94TOE5DnIBg==/2941193605503524.jpg",
    "pic": 2941193605503524,
    "blurPicUrl": "http://p1.music.126.net/C69zO6_wapO94TOE5DnIBg==/2941193605503524.jpg",
    "companyId": 0,
    "description": "",
    "status": -1,
    "subType": "录音室版",
    "name": "我是歌手第三季 总决赛",
    "id": 3142085,
    "type": "专辑",
    "size": 13,
    "info": {
      "commentThread": {
        "id": "R_AL_3_3142085",
        "resourceInfo": {
          "id": 3142085,
          "userId": -1,
          "name": "我是歌手第三季 总决赛",
          "imgUrl": "https://p2.music.126.net/C69zO6_wapO94TOE5DnIBg==/2941193605503524.jpg",
          "creator": null,
          "encodedId": null,
          "subTitle": null,
          "webUrl": null
        },
        "resourceType": 3,
        "commentCount": 50,
        "likedCount": 0,
        "shareCount": 24,
        "hotCount": 6,
        "latestLikedUsers": null,
        "resourceId": 3142085,
        "resourceOwnerId": -1,
        "resourceTitle": "我是歌手第三季 总决赛"
      },
      "latestLikedUsers": null,
      "liked": false,
      "comments": null,
      "resourceType": 3,
      "resourceId": 3142085,
      "commentCount": 50,
      "likedCount": 0,
      "shareCount": 24,
      "threadId": "R_AL_3_3142085"
    }
  }
}